group,name,type,start,end,,,,
1,araport11,mRNA,4776283,4779420,.,+,.,ID=AT1G13960.1;Parent=AT1G13960;biotype=protein_coding;transcript_id=AT1G13960.1
1,araport11,five_prime_UTR,4776283,4776621,.,+,.,Parent=AT1G13960.1
1,araport11,CDS,4776622,4777068,.,+,0,ID=AT1G13960.1;Parent=AT1G13960.1;protein_id=AT1G13960.1
1,araport11,CDS,4777743,4778416,.,+,0,ID=AT1G13960.1;Parent=AT1G13960.1;protein_id=AT1G13960.1
1,araport11,CDS,4778499,4778663,.,+,1,ID=AT1G13960.1;Parent=AT1G13960.1;protein_id=AT1G13960.1
1,araport11,CDS,4778785,4779043,.,+,1,ID=AT1G13960.1;Parent=AT1G13960.1;protein_id=AT1G13960.1
1,araport11,three_prime_UTR,4779044,4779420,.,+,.,Parent=AT1G13960.1
1,araport11,mRNA,6508797,6511397,.,+,.,ID=AT1G18860.1;Parent=AT1G18860;biotype=protein_coding;transcript_id=AT1G18860.1
1,araport11,five_prime_UTR,6508797,6508906,.,+,.,Parent=AT1G18860.1
1,araport11,CDS,6508907,6509029,.,+,0,ID=AT1G18860.1;Parent=AT1G18860.1;protein_id=AT1G18860.1
1,araport11,CDS,6509473,6510060,.,+,0,ID=AT1G18860.1;Parent=AT1G18860.1;protein_id=AT1G18860.1
1,araport11,CDS,6510247,6510360,.,+,0,ID=AT1G18860.1;Parent=AT1G18860.1;protein_id=AT1G18860.1
1,araport11,CDS,6510448,6511209,.,+,0,ID=AT1G18860.1;Parent=AT1G18860.1;protein_id=AT1G18860.1
1,araport11,three_prime_UTR,6511210,6511397,.,+,.,Parent=AT1G18860.1
1,araport11,mRNA,10236337,10237990,.,+,.,ID=AT1G29280.1;Parent=AT1G29280;biotype=protein_coding;transcript_id=AT1G29280.1
1,araport11,five_prime_UTR,10236337,10236588,.,+,.,Parent=AT1G29280.1
1,araport11,CDS,10236589,10236722,.,+,0,ID=AT1G29280.1;Parent=AT1G29280.1;protein_id=AT1G29280.1
1,araport11,CDS,10236822,10237467,.,+,1,ID=AT1G29280.1;Parent=AT1G29280.1;protein_id=AT1G29280.1
1,araport11,three_prime_UTR,10237468,10237990,.,+,.,Parent=AT1G29280.1
1,araport11,mRNA,10454433,10455874,.,+,.,ID=AT1G29860.1;Parent=AT1G29860;biotype=protein_coding;transcript_id=AT1G29860.1
1,araport11,five_prime_UTR,10454433,10454481,.,+,.,Parent=AT1G29860.1
1,araport11,CDS,10454482,10454801,.,+,0,ID=AT1G29860.1;Parent=AT1G29860.1;protein_id=AT1G29860.1
1,araport11,CDS,10454995,10455141,.,+,1,ID=AT1G29860.1;Parent=AT1G29860.1;protein_id=AT1G29860.1
1,araport11,CDS,10455271,10455652,.,+,1,ID=AT1G29860.1;Parent=AT1G29860.1;protein_id=AT1G29860.1
1,araport11,three_prime_UTR,10455653,10455874,.,+,.,Parent=AT1G29860.1
1,araport11,mRNA,10868218,10871297,.,+,.,ID=AT1G30650.1;Parent=AT1G30650;biotype=protein_coding;transcript_id=AT1G30650.1
1,araport11,five_prime_UTR,10868218,10868611,.,+,.,Parent=AT1G30650.1
1,araport11,CDS,10868612,10869180,.,+,0,ID=AT1G30650.1;Parent=AT1G30650.1;protein_id=AT1G30650.1
1,araport11,CDS,10869831,10869971,.,+,1,ID=AT1G30650.1;Parent=AT1G30650.1;protein_id=AT1G30650.1
1,araport11,CDS,10870391,10870973,.,+,1,ID=AT1G30650.1;Parent=AT1G30650.1;protein_id=AT1G30650.1
1,araport11,three_prime_UTR,10870974,10871297,.,+,.,Parent=AT1G30650.1
1,araport11,mRNA,20774046,20776294,.,-,.,ID=AT1G55600.1;Parent=AT1G55600;biotype=protein_coding;transcript_id=AT1G55600.1
1,araport11,three_prime_UTR,20774046,20774048,.,-,.,Parent=AT1G55600.1
1,araport11,CDS,20774049,20774526,.,-,1,ID=AT1G55600.1;Parent=AT1G55600.1;protein_id=AT1G55600.1
1,araport11,CDS,20774625,20774777,.,-,1,ID=AT1G55600.1;Parent=AT1G55600.1;protein_id=AT1G55600.1
1,araport11,CDS,20774864,20775176,.,-,2,ID=AT1G55600.1;Parent=AT1G55600.1;protein_id=AT1G55600.1
1,araport11,CDS,20775263,20775401,.,-,0,ID=AT1G55600.1;Parent=AT1G55600.1;protein_id=AT1G55600.1
1,araport11,CDS,20775919,20776293,.,-,0,ID=AT1G55600.1;Parent=AT1G55600.1;protein_id=AT1G55600.1
1,araport11,five_prime_UTR,20776294,20776294,.,-,.,Parent=AT1G55600.1
1,araport11,mRNA,23016569,23019494,.,-,.,ID=AT1G62300.1;Parent=AT1G62300;biotype=protein_coding;transcript_id=AT1G62300.1
1,araport11,three_prime_UTR,23016569,23016886,.,-,.,Parent=AT1G62300.1
1,araport11,CDS,23016887,23017504,.,-,0,ID=AT1G62300.1;Parent=AT1G62300.1;protein_id=AT1G62300.1
1,araport11,CDS,23017626,23017739,.,-,0,ID=AT1G62300.1;Parent=AT1G62300.1;protein_id=AT1G62300.1
1,araport11,CDS,23017838,23018152,.,-,0,ID=AT1G62300.1;Parent=AT1G62300.1;protein_id=AT1G62300.1
1,araport11,CDS,23018242,23018388,.,-,0,ID=AT1G62300.1;Parent=AT1G62300.1;protein_id=AT1G62300.1
1,araport11,CDS,23018483,23018584,.,-,0,ID=AT1G62300.1;Parent=AT1G62300.1;protein_id=AT1G62300.1
1,araport11,CDS,23018790,23019155,.,-,0,ID=AT1G62300.1;Parent=AT1G62300.1;protein_id=AT1G62300.1
1,araport11,five_prime_UTR,23019156,23019494,.,-,.,Parent=AT1G62300.1
1,araport11,mRNA,23747304,23749053,.,+,.,ID=AT1G64000.1;Parent=AT1G64000;biotype=protein_coding;transcript_id=AT1G64000.1
1,araport11,five_prime_UTR,23747304,23747433,.,+,.,Parent=AT1G64000.1
1,araport11,CDS,23747434,23747834,.,+,0,ID=AT1G64000.1;Parent=AT1G64000.1;protein_id=AT1G64000.1
1,araport11,CDS,23748697,23748883,.,+,1,ID=AT1G64000.1;Parent=AT1G64000.1;protein_id=AT1G64000.1
1,araport11,three_prime_UTR,23748884,23749053,.,+,.,Parent=AT1G64000.1
1,araport11,mRNA,24828537,24829589,.,+,.,ID=AT1G66550.1;Parent=AT1G66550;biotype=protein_coding;transcript_id=AT1G66550.1
1,araport11,CDS,24828537,24828781,.,+,0,ID=AT1G66550.1;Parent=AT1G66550.1;protein_id=AT1G66550.1
1,araport11,CDS,24828946,24829083,.,+,1,ID=AT1G66550.1;Parent=AT1G66550.1;protein_id=AT1G66550.1
1,araport11,CDS,24829208,24829589,.,+,1,ID=AT1G66550.1;Parent=AT1G66550.1;protein_id=AT1G66550.1
1,araport11,mRNA,24833518,24834801,.,+,.,ID=AT1G66560.1;Parent=AT1G66560;biotype=protein_coding;transcript_id=AT1G66560.1
1,araport11,five_prime_UTR,24833518,24833578,.,+,.,Parent=AT1G66560.1
1,araport11,CDS,24833579,24833823,.,+,0,ID=AT1G66560.1;Parent=AT1G66560.1;protein_id=AT1G66560.1
1,araport11,CDS,24834011,24834133,.,+,1,ID=AT1G66560.1;Parent=AT1G66560.1;protein_id=AT1G66560.1
1,araport11,CDS,24834250,24834631,.,+,1,ID=AT1G66560.1;Parent=AT1G66560.1;protein_id=AT1G66560.1
1,araport11,three_prime_UTR,24834632,24834801,.,+,.,Parent=AT1G66560.1
1,araport11,mRNA,24848320,24849543,.,+,.,ID=AT1G66600.1;Parent=AT1G66600;biotype=protein_coding;transcript_id=AT1G66600.1
1,araport11,five_prime_UTR,24848320,24848405,.,+,.,Parent=AT1G66600.1
1,araport11,CDS,24848406,24848650,.,+,0,ID=AT1G66600.1;Parent=AT1G66600.1;protein_id=AT1G66600.1
1,araport11,CDS,24848737,24848859,.,+,1,ID=AT1G66600.1;Parent=AT1G66600.1;protein_id=AT1G66600.1
1,araport11,CDS,24848978,24849335,.,+,1,ID=AT1G66600.1;Parent=AT1G66600.1;protein_id=AT1G66600.1
1,araport11,three_prime_UTR,24849336,24849543,.,+,.,Parent=AT1G66600.1
1,araport11,mRNA,25543949,25545791,.,+,.,ID=AT1G68150.1;Parent=AT1G68150;biotype=protein_coding;transcript_id=AT1G68150.1
1,araport11,five_prime_UTR,25543949,25543969,.,+,.,Parent=AT1G68150.1
1,araport11,CDS,25543970,25544248,.,+,0,ID=AT1G68150.1;Parent=AT1G68150.1;protein_id=AT1G68150.1
1,araport11,CDS,25544327,25544461,.,+,0,ID=AT1G68150.1;Parent=AT1G68150.1;protein_id=AT1G68150.1
1,araport11,CDS,25544546,25544830,.,+,0,ID=AT1G68150.1;Parent=AT1G68150.1;protein_id=AT1G68150.1
1,araport11,CDS,25544915,25545028,.,+,0,ID=AT1G68150.1;Parent=AT1G68150.1;protein_id=AT1G68150.1
1,araport11,CDS,25545304,25545615,.,+,0,ID=AT1G68150.1;Parent=AT1G68150.1;protein_id=AT1G68150.1
1,araport11,three_prime_UTR,25545616,25545791,.,+,.,Parent=AT1G68150.1
1,araport11,mRNA,26054275,26058383,.,-,.,ID=AT1G69310.1;Parent=AT1G69310;biotype=protein_coding;transcript_id=AT1G69310.1
1,araport11,three_prime_UTR,26054275,26054522,.,-,.,Parent=AT1G69310.1
1,araport11,three_prime_UTR,26054775,26054928,.,-,.,Parent=AT1G69310.1
1,araport11,three_prime_UTR,26056117,26056117,.,-,.,Parent=AT1G69310.1
1,araport11,CDS,26056118,26056481,.,-,1,ID=AT1G69310.1;Parent=AT1G69310.1;protein_id=AT1G69310.1
1,araport11,CDS,26056569,26056712,.,-,1,ID=AT1G69310.1;Parent=AT1G69310.1;protein_id=AT1G69310.1
1,araport11,CDS,26057554,26057909,.,-,0,ID=AT1G69310.1;Parent=AT1G69310.1;protein_id=AT1G69310.1
1,araport11,five_prime_UTR,26057910,26058383,.,-,.,Parent=AT1G69310.1
1,araport11,mRNA,26276948,26279255,.,-,.,ID=AT1G69810.1;Parent=AT1G69810;biotype=protein_coding;transcript_id=AT1G69810.1
1,araport11,three_prime_UTR,26276948,26277237,.,-,.,Parent=AT1G69810.1
1,araport11,CDS,26277238,26277684,.,-,0,ID=AT1G69810.1;Parent=AT1G69810.1;protein_id=AT1G69810.1
1,araport11,CDS,26277773,26277886,.,-,0,ID=AT1G69810.1;Parent=AT1G69810.1;protein_id=AT1G69810.1
1,araport11,CDS,26277988,26278524,.,-,0,ID=AT1G69810.1;Parent=AT1G69810.1;protein_id=AT1G69810.1
1,araport11,CDS,26279051,26279116,.,-,0,ID=AT1G69810.1;Parent=AT1G69810.1;protein_id=AT1G69810.1
1,araport11,five_prime_UTR,26279117,26279255,.,-,.,Parent=AT1G69810.1
1,araport11,mRNA,30296166,30297224,.,-,.,ID=AT1G80590.1;Parent=AT1G80590;biotype=protein_coding;transcript_id=AT1G80590.1
1,araport11,three_prime_UTR,30296166,30296209,.,-,.,Parent=AT1G80590.1
1,araport11,CDS,30296210,30296603,.,-,1,ID=AT1G80590.1;Parent=AT1G80590.1;protein_id=AT1G80590.1
1,araport11,CDS,30296718,30296828,.,-,1,ID=AT1G80590.1;Parent=AT1G80590.1;protein_id=AT1G80590.1
1,araport11,CDS,30296954,30297156,.,-,0,ID=AT1G80590.1;Parent=AT1G80590.1;protein_id=AT1G80590.1
1,araport11,five_prime_UTR,30297157,30297224,.,-,.,Parent=AT1G80590.1
1,araport11,mRNA,30383561,30385499,.,+,.,ID=AT1G80840.1;Parent=AT1G80840;biotype=protein_coding;transcript_id=AT1G80840.1
1,araport11,five_prime_UTR,30383561,30383833,.,+,.,Parent=AT1G80840.1
1,araport11,CDS,30383834,30383920,.,+,0,ID=AT1G80840.1;Parent=AT1G80840.1;protein_id=AT1G80840.1
1,araport11,CDS,30384331,30384672,.,+,0,ID=AT1G80840.1;Parent=AT1G80840.1;protein_id=AT1G80840.1
1,araport11,CDS,30384768,30384884,.,+,0,ID=AT1G80840.1;Parent=AT1G80840.1;protein_id=AT1G80840.1
1,araport11,CDS,30384994,30385356,.,+,0,ID=AT1G80840.1;Parent=AT1G80840.1;protein_id=AT1G80840.1
1,araport11,three_prime_UTR,30385357,30385499,.,+,.,Parent=AT1G80840.1
2,araport11,mRNA,1014350,1017222,.,-,.,ID=AT2G03340.1;Parent=AT2G03340;biotype=protein_coding;transcript_id=AT2G03340.1
2,araport11,three_prime_UTR,1014350,1014723,.,-,.,Parent=AT2G03340.1
2,araport11,CDS,1014724,1014961,.,-,1,ID=AT2G03340.1;Parent=AT2G03340.1;protein_id=AT2G03340.1
2,araport11,CDS,1015044,1015205,.,-,1,ID=AT2G03340.1;Parent=AT2G03340.1;protein_id=AT2G03340.1
2,araport11,CDS,1015309,1015994,.,-,0,ID=AT2G03340.1;Parent=AT2G03340.1;protein_id=AT2G03340.1
2,araport11,CDS,1016481,1016936,.,-,0,ID=AT2G03340.1;Parent=AT2G03340.1;protein_id=AT2G03340.1
2,araport11,five_prime_UTR,1016937,1017222,.,-,.,Parent=AT2G03340.1
2,araport11,mRNA,1717888,1720526,.,+,.,ID=AT2G04880.1;Parent=AT2G04880;biotype=protein_coding;transcript_id=AT2G04880.1
2,araport11,five_prime_UTR,1717888,1718068,.,+,.,Parent=AT2G04880.1
2,araport11,five_prime_UTR,1718481,1718556,.,+,.,Parent=AT2G04880.1
2,araport11,CDS,1718557,1719380,.,+,0,ID=AT2G04880.1;Parent=AT2G04880.1;protein_id=AT2G04880.1
2,araport11,CDS,1719484,1719639,.,+,1,ID=AT2G04880.1;Parent=AT2G04880.1;protein_id=AT2G04880.1
2,araport11,CDS,1719736,1720219,.,+,1,ID=AT2G04880.1;Parent=AT2G04880.1;protein_id=AT2G04880.1
2,araport11,three_prime_UTR,1720220,1720526,.,+,.,Parent=AT2G04880.1
2,araport11,mRNA,9333844,9336278,.,-,.,ID=AT2G21900.1;Parent=AT2G21900;biotype=protein_coding;transcript_id=AT2G21900.1
2,araport11,three_prime_UTR,9333844,9334148,.,-,.,Parent=AT2G21900.1
2,araport11,CDS,9334149,9334371,.,-,1,ID=AT2G21900.1;Parent=AT2G21900.1;protein_id=AT2G21900.1
2,araport11,CDS,9335736,9335897,.,-,1,ID=AT2G21900.1;Parent=AT2G21900.1;protein_id=AT2G21900.1
2,araport11,CDS,9335999,9336222,.,-,0,ID=AT2G21900.1;Parent=AT2G21900.1;protein_id=AT2G21900.1
2,araport11,five_prime_UTR,9336223,9336278,.,-,.,Parent=AT2G21900.1
2,araport11,mRNA,9924886,9926372,.,+,.,ID=AT2G23320.1;Parent=AT2G23320;biotype=protein_coding;transcript_id=AT2G23320.1
2,araport11,five_prime_UTR,9924886,9924997,.,+,.,Parent=AT2G23320.1
2,araport11,CDS,9924998,9925650,.,+,0,ID=AT2G23320.1;Parent=AT2G23320.1;protein_id=AT2G23320.1
2,araport11,CDS,9925752,9925877,.,+,1,ID=AT2G23320.1;Parent=AT2G23320.1;protein_id=AT2G23320.1
2,araport11,CDS,9925980,9926154,.,+,1,ID=AT2G23320.1;Parent=AT2G23320.1;protein_id=AT2G23320.1
2,araport11,three_prime_UTR,9926155,9926372,.,+,.,Parent=AT2G23320.1
2,araport11,mRNA,10437353,10439469,.,-,.,ID=AT2G24570.1;Parent=AT2G24570;biotype=protein_coding;transcript_id=AT2G24570.1
2,araport11,three_prime_UTR,10437353,10437675,.,-,.,Parent=AT2G24570.1
2,araport11,CDS,10437676,10437853,.,-,1,ID=AT2G24570.1;Parent=AT2G24570.1;protein_id=AT2G24570.1
2,araport11,CDS,10437944,10438072,.,-,1,ID=AT2G24570.1;Parent=AT2G24570.1;protein_id=AT2G24570.1
2,araport11,CDS,10438564,10439222,.,-,0,ID=AT2G24570.1;Parent=AT2G24570.1;protein_id=AT2G24570.1
2,araport11,five_prime_UTR,10439223,10439469,.,-,.,Parent=AT2G24570.1
2,araport11,mRNA,10629662,10631413,.,+,.,ID=AT2G25000.1;Parent=AT2G25000;biotype=protein_coding;transcript_id=AT2G25000.1
2,araport11,five_prime_UTR,10629662,10629811,.,+,.,Parent=AT2G25000.1
2,araport11,CDS,10629812,10629868,.,+,0,ID=AT2G25000.1;Parent=AT2G25000.1;protein_id=AT2G25000.1
2,araport11,CDS,10629963,10630025,.,+,0,ID=AT2G25000.1;Parent=AT2G25000.1;protein_id=AT2G25000.1
2,araport11,CDS,10630230,10630538,.,+,0,ID=AT2G25000.1;Parent=AT2G25000.1;protein_id=AT2G25000.1
2,araport11,CDS,10630622,10630738,.,+,0,ID=AT2G25000.1;Parent=AT2G25000.1;protein_id=AT2G25000.1
2,araport11,CDS,10630826,10631095,.,+,0,ID=AT2G25000.1;Parent=AT2G25000.1;protein_id=AT2G25000.1
2,araport11,three_prime_UTR,10631096,10631413,.,+,.,Parent=AT2G25000.1
2,araport11,mRNA,12903208,12905338,.,-,.,ID=AT2G30250.1;Parent=AT2G30250;biotype=protein_coding;transcript_id=AT2G30250.1
2,araport11,three_prime_UTR,12903208,12903552,.,-,.,Parent=AT2G30250.1
2,araport11,CDS,12903553,12903691,.,-,1,ID=AT2G30250.1;Parent=AT2G30250.1;protein_id=AT2G30250.1
2,araport11,CDS,12903766,12903927,.,-,1,ID=AT2G30250.1;Parent=AT2G30250.1;protein_id=AT2G30250.1
2,araport11,CDS,12904011,12904540,.,-,0,ID=AT2G30250.1;Parent=AT2G30250.1;protein_id=AT2G30250.1
2,araport11,CDS,12904630,12904743,.,-,0,ID=AT2G30250.1;Parent=AT2G30250.1;protein_id=AT2G30250.1
2,araport11,CDS,12904853,12905089,.,-,0,ID=AT2G30250.1;Parent=AT2G30250.1;protein_id=AT2G30250.1
2,araport11,five_prime_UTR,12905090,12905338,.,-,.,Parent=AT2G30250.1
2,araport11,mRNA,13033418,13035797,.,+,.,ID=AT2G30590.1;Parent=AT2G30590;biotype=protein_coding;transcript_id=AT2G30590.1
2,araport11,five_prime_UTR,13033418,13033890,.,+,.,Parent=AT2G30590.1
2,araport11,CDS,13033891,13034762,.,+,0,ID=AT2G30590.1;Parent=AT2G30590.1;protein_id=AT2G30590.1
2,araport11,CDS,13034843,13034968,.,+,1,ID=AT2G30590.1;Parent=AT2G30590.1;protein_id=AT2G30590.1
2,araport11,CDS,13035159,13035303,.,+,1,ID=AT2G30590.1;Parent=AT2G30590.1;protein_id=AT2G30590.1
2,araport11,three_prime_UTR,13035304,13035797,.,+,.,Parent=AT2G30590.1
2,araport11,mRNA,14693756,14696378,.,-,.,ID=AT2G34830.1;Parent=AT2G34830;biotype=protein_coding;transcript_id=AT2G34830.1
2,araport11,three_prime_UTR,14693756,14693838,.,-,.,Parent=AT2G34830.1
2,araport11,CDS,14693839,14694418,.,-,1,ID=AT2G34830.1;Parent=AT2G34830.1;protein_id=AT2G34830.1
2,araport11,CDS,14695018,14695158,.,-,1,ID=AT2G34830.1;Parent=AT2G34830.1;protein_id=AT2G34830.1
2,araport11,CDS,14695816,14696378,.,-,0,ID=AT2G34830.1;Parent=AT2G34830.1;protein_id=AT2G34830.1
2,araport11,mRNA,15644811,15647076,.,+,.,ID=AT2G37260.1;Parent=AT2G37260;biotype=protein_coding;transcript_id=AT2G37260.1
2,araport11,five_prime_UTR,15644811,15645084,.,+,.,Parent=AT2G37260.1
2,araport11,five_prime_UTR,15645269,15645276,.,+,.,Parent=AT2G37260.1
2,araport11,CDS,15645277,15645489,.,+,0,ID=AT2G37260.1;Parent=AT2G37260.1;protein_id=AT2G37260.1
2,araport11,CDS,15645576,15645701,.,+,0,ID=AT2G37260.1;Parent=AT2G37260.1;protein_id=AT2G37260.1
2,araport11,CDS,15645768,15646408,.,+,0,ID=AT2G37260.1;Parent=AT2G37260.1;protein_id=AT2G37260.1
2,araport11,CDS,15646483,15646792,.,+,1,ID=AT2G37260.1;Parent=AT2G37260.1;protein_id=AT2G37260.1
2,araport11,three_prime_UTR,15646793,15647076,.,+,.,Parent=AT2G37260.1
2,araport11,mRNA,16108235,16110766,.,+,.,ID=AT2G38470.1;Parent=AT2G38470;biotype=protein_coding;transcript_id=AT2G38470.1
2,araport11,five_prime_UTR,16108235,16108475,.,+,.,Parent=AT2G38470.1
2,araport11,CDS,16108476,16108718,.,+,0,ID=AT2G38470.1;Parent=AT2G38470.1;protein_id=AT2G38470.1
2,araport11,CDS,16108968,16109174,.,+,0,ID=AT2G38470.1;Parent=AT2G38470.1;protein_id=AT2G38470.1
2,araport11,CDS,16109244,16109776,.,+,0,ID=AT2G38470.1;Parent=AT2G38470.1;protein_id=AT2G38470.1
2,araport11,CDS,16109867,16110028,.,+,1,ID=AT2G38470.1;Parent=AT2G38470.1;protein_id=AT2G38470.1
2,araport11,CDS,16110125,16110539,.,+,1,ID=AT2G38470.1;Parent=AT2G38470.1;protein_id=AT2G38470.1
2,araport11,three_prime_UTR,16110540,16110766,.,+,.,Parent=AT2G38470.1
2,araport11,mRNA,16997177,16999499,.,+,.,ID=AT2G40740.1;Parent=AT2G40740;biotype=protein_coding;transcript_id=AT2G40740.1
2,araport11,CDS,16997177,16997622,.,+,0,ID=AT2G40740.1;Parent=AT2G40740.1;protein_id=AT2G40740.1
2,araport11,CDS,16998377,16998508,.,+,1,ID=AT2G40740.1;Parent=AT2G40740.1;protein_id=AT2G40740.1
2,araport11,CDS,16998976,16999276,.,+,1,ID=AT2G40740.1;Parent=AT2G40740.1;protein_id=AT2G40740.1
2,araport11,three_prime_UTR,16999277,16999499,.,+,.,Parent=AT2G40740.1
2,araport11,mRNA,17000419,17002528,.,-,.,ID=AT2G40750.1;Parent=AT2G40750;biotype=protein_coding;transcript_id=AT2G40750.1
2,araport11,three_prime_UTR,17000419,17000635,.,-,.,Parent=AT2G40750.1
2,araport11,CDS,17000636,17001161,.,-,1,ID=AT2G40750.1;Parent=AT2G40750.1;protein_id=AT2G40750.1
2,araport11,CDS,17001352,17001453,.,-,1,ID=AT2G40750.1;Parent=AT2G40750.1;protein_id=AT2G40750.1
2,araport11,CDS,17001942,17002354,.,-,0,ID=AT2G40750.1;Parent=AT2G40750.1;protein_id=AT2G40750.1
2,araport11,five_prime_UTR,17002355,17002528,.,-,.,Parent=AT2G40750.1
2,araport11,mRNA,18447203,18449093,.,-,.,ID=AT2G44745.1;Parent=AT2G44745;biotype=protein_coding;transcript_id=AT2G44745.1
2,araport11,three_prime_UTR,18447203,18447481,.,-,.,Parent=AT2G44745.1
2,araport11,CDS,18447482,18447644,.,-,1,ID=AT2G44745.1;Parent=AT2G44745.1;protein_id=AT2G44745.1
2,araport11,CDS,18448165,18448335,.,-,1,ID=AT2G44745.1;Parent=AT2G44745.1;protein_id=AT2G44745.1
2,araport11,CDS,18448575,18448663,.,-,0,ID=AT2G44745.1;Parent=AT2G44745.1;protein_id=AT2G44745.1
2,araport11,CDS,18448771,18449004,.,-,0,ID=AT2G44745.1;Parent=AT2G44745.1;protein_id=AT2G44745.1
2,araport11,five_prime_UTR,18449005,18449093,.,-,.,Parent=AT2G44745.1
2,araport11,mRNA,18957212,18957925,.,+,.,ID=AT2G46130.1;Parent=AT2G46130;biotype=protein_coding;transcript_id=AT2G46130.1
2,araport11,five_prime_UTR,18957212,18957253,.,+,.,Parent=AT2G46130.1
2,araport11,CDS,18957254,18957402,.,+,0,ID=AT2G46130.1;Parent=AT2G46130.1;protein_id=AT2G46130.1
2,araport11,CDS,18957489,18957669,.,+,1,ID=AT2G46130.1;Parent=AT2G46130.1;protein_id=AT2G46130.1
2,araport11,three_prime_UTR,18957670,18957925,.,+,.,Parent=AT2G46130.1
2,araport11,mRNA,19043411,19044955,.,-,.,ID=AT2G46400.1;Parent=AT2G46400;biotype=protein_coding;transcript_id=AT2G46400.1
2,araport11,three_prime_UTR,19043411,19043675,.,-,.,Parent=AT2G46400.1
2,araport11,CDS,19043676,19044192,.,-,1,ID=AT2G46400.1;Parent=AT2G46400.1;protein_id=AT2G46400.1
2,araport11,CDS,19044287,19044418,.,-,1,ID=AT2G46400.1;Parent=AT2G46400.1;protein_id=AT2G46400.1
2,araport11,CDS,19044516,19044754,.,-,0,ID=AT2G46400.1;Parent=AT2G46400.1;protein_id=AT2G46400.1
2,araport11,five_prime_UTR,19044755,19044955,.,-,.,Parent=AT2G46400.1
2,araport11,mRNA,19404802,19407098,.,-,.,ID=AT2G47260.1;Parent=AT2G47260;biotype=protein_coding;transcript_id=AT2G47260.1
2,araport11,three_prime_UTR,19404802,19405044,.,-,.,Parent=AT2G47260.1
2,araport11,CDS,19405045,19405477,.,-,1,ID=AT2G47260.1;Parent=AT2G47260.1;protein_id=AT2G47260.1
2,araport11,CDS,19405750,19405893,.,-,1,ID=AT2G47260.1;Parent=AT2G47260.1;protein_id=AT2G47260.1
2,araport11,CDS,19406010,19406446,.,-,0,ID=AT2G47260.1;Parent=AT2G47260.1;protein_id=AT2G47260.1
2,araport11,five_prime_UTR,19406447,19407098,.,-,.,Parent=AT2G47260.1
3,araport11,mRNA,25507,27641,.,+,.,ID=AT3G01080.1;Parent=AT3G01080;biotype=protein_coding;transcript_id=AT3G01080.1
3,araport11,CDS,25507,25742,.,+,0,ID=AT3G01080.1;Parent=AT3G01080.1;protein_id=AT3G01080.1
3,araport11,CDS,25857,25890,.,+,1,ID=AT3G01080.1;Parent=AT3G01080.1;protein_id=AT3G01080.1
3,araport11,CDS,26242,26801,.,+,0,ID=AT3G01080.1;Parent=AT3G01080.1;protein_id=AT3G01080.1
3,araport11,CDS,26895,27041,.,+,1,ID=AT3G01080.1;Parent=AT3G01080.1;protein_id=AT3G01080.1
3,araport11,CDS,27155,27449,.,+,1,ID=AT3G01080.1;Parent=AT3G01080.1;protein_id=AT3G01080.1
3,araport11,three_prime_UTR,27450,27641,.,+,.,Parent=AT3G01080.1
3,araport11,mRNA,325952,327412,.,-,.,ID=AT3G01970.1;Parent=AT3G01970;biotype=protein_coding;transcript_id=AT3G01970.1
3,araport11,three_prime_UTR,325952,326613,.,-,.,Parent=AT3G01970.1
3,araport11,CDS,326614,326803,.,-,1,ID=AT3G01970.1;Parent=AT3G01970.1;protein_id=AT3G01970.1
3,araport11,CDS,326906,327159,.,-,0,ID=AT3G01970.1;Parent=AT3G01970.1;protein_id=AT3G01970.1
3,araport11,five_prime_UTR,327160,327412,.,-,.,Parent=AT3G01970.1
3,araport11,mRNA,1266056,1268378,.,-,.,ID=AT3G04670.1;Parent=AT3G04670;biotype=protein_coding;transcript_id=AT3G04670.1
3,araport11,three_prime_UTR,1266056,1266529,.,-,.,Parent=AT3G04670.1
3,araport11,CDS,1266530,1266677,.,-,1,ID=AT3G04670.1;Parent=AT3G04670.1;protein_id=AT3G04670.1
3,araport11,CDS,1266765,1266890,.,-,1,ID=AT3G04670.1;Parent=AT3G04670.1;protein_id=AT3G04670.1
3,araport11,CDS,1266973,1267691,.,-,0,ID=AT3G04670.1;Parent=AT3G04670.1;protein_id=AT3G04670.1
3,araport11,five_prime_UTR,1267692,1268378,.,-,.,Parent=AT3G04670.1
3,araport11,mRNA,20908711,20910623,.,-,.,ID=AT3G56400.1;Parent=AT3G56400;biotype=protein_coding;transcript_id=AT3G56400.1
3,araport11,three_prime_UTR,20908711,20909081,.,-,.,Parent=AT3G56400.1
3,araport11,CDS,20909082,20909547,.,-,1,ID=AT3G56400.1;Parent=AT3G56400.1;protein_id=AT3G56400.1
3,araport11,CDS,20909734,20909835,.,-,1,ID=AT3G56400.1;Parent=AT3G56400.1;protein_id=AT3G56400.1
3,araport11,CDS,20910093,20910409,.,-,0,ID=AT3G56400.1;Parent=AT3G56400.1;protein_id=AT3G56400.1
3,araport11,five_prime_UTR,20910410,20910623,.,-,.,Parent=AT3G56400.1
3,araport11,mRNA,21714912,21716916,.,+,.,ID=AT3G58710.1;Parent=AT3G58710;biotype=protein_coding;transcript_id=AT3G58710.1
3,araport11,five_prime_UTR,21714912,21715191,.,+,.,Parent=AT3G58710.1
3,araport11,CDS,21715192,21715316,.,+,0,ID=AT3G58710.1;Parent=AT3G58710.1;protein_id=AT3G58710.1
3,araport11,CDS,21715403,21715549,.,+,1,ID=AT3G58710.1;Parent=AT3G58710.1;protein_id=AT3G58710.1
3,araport11,CDS,21716220,21716766,.,+,1,ID=AT3G58710.1;Parent=AT3G58710.1;protein_id=AT3G58710.1
3,araport11,three_prime_UTR,21716767,21716916,.,+,.,Parent=AT3G58710.1
3,araport11,mRNA,23069489,23071207,.,-,.,ID=AT3G62340.1;Parent=AT3G62340;biotype=protein_coding;transcript_id=AT3G62340.1
3,araport11,three_prime_UTR,23069489,23069627,.,-,.,Parent=AT3G62340.1
3,araport11,CDS,23069628,23070048,.,-,1,ID=AT3G62340.1;Parent=AT3G62340.1;protein_id=AT3G62340.1
3,araport11,CDS,23070142,23070291,.,-,1,ID=AT3G62340.1;Parent=AT3G62340.1;protein_id=AT3G62340.1
3,araport11,CDS,23070372,23070634,.,-,0,ID=AT3G62340.1;Parent=AT3G62340.1;protein_id=AT3G62340.1
3,araport11,five_prime_UTR,23070635,23071207,.,-,.,Parent=AT3G62340.1
4,araport11,mRNA,522530,524249,.,-,.,ID=AT4G01250.1;Parent=AT4G01250;biotype=protein_coding;transcript_id=AT4G01250.1
4,araport11,three_prime_UTR,522530,522838,.,-,.,Parent=AT4G01250.1
4,araport11,CDS,522839,523292,.,-,1,ID=AT4G01250.1;Parent=AT4G01250.1;protein_id=AT4G01250.1
4,araport11,CDS,523477,523587,.,-,1,ID=AT4G01250.1;Parent=AT4G01250.1;protein_id=AT4G01250.1
4,araport11,CDS,523798,524129,.,-,0,ID=AT4G01250.1;Parent=AT4G01250.1;protein_id=AT4G01250.1
4,araport11,five_prime_UTR,524130,524249,.,-,.,Parent=AT4G01250.1
4,araport11,mRNA,744804,748554,.,+,.,ID=AT4G01720.1;Parent=AT4G01720;biotype=protein_coding;transcript_id=AT4G01720.1
4,araport11,five_prime_UTR,744804,744948,.,+,.,Parent=AT4G01720.1
4,araport11,CDS,744949,745170,.,+,0,ID=AT4G01720.1;Parent=AT4G01720.1;protein_id=AT4G01720.1
4,araport11,CDS,745253,745324,.,+,0,ID=AT4G01720.1;Parent=AT4G01720.1;protein_id=AT4G01720.1
4,araport11,CDS,745716,745874,.,+,0,ID=AT4G01720.1;Parent=AT4G01720.1;protein_id=AT4G01720.1
4,araport11,CDS,746685,746942,.,+,0,ID=AT4G01720.1;Parent=AT4G01720.1;protein_id=AT4G01720.1
4,araport11,CDS,747038,747151,.,+,0,ID=AT4G01720.1;Parent=AT4G01720.1;protein_id=AT4G01720.1
4,araport11,CDS,747575,748219,.,+,0,ID=AT4G01720.1;Parent=AT4G01720.1;protein_id=AT4G01720.1
4,araport11,three_prime_UTR,748220,748554,.,+,.,Parent=AT4G01720.1
4,araport11,mRNA,2218042,2221250,.,+,.,ID=AT4G04450.1;Parent=AT4G04450;biotype=protein_coding;transcript_id=AT4G04450.1
4,araport11,five_prime_UTR,2218042,2218378,.,+,.,Parent=AT4G04450.1
4,araport11,CDS,2218379,2218615,.,+,0,ID=AT4G04450.1;Parent=AT4G04450.1;protein_id=AT4G04450.1
4,araport11,CDS,2218953,2219051,.,+,0,ID=AT4G04450.1;Parent=AT4G04450.1;protein_id=AT4G04450.1
4,araport11,CDS,2219567,2219713,.,+,0,ID=AT4G04450.1;Parent=AT4G04450.1;protein_id=AT4G04450.1
4,araport11,CDS,2219796,2220182,.,+,0,ID=AT4G04450.1;Parent=AT4G04450.1;protein_id=AT4G04450.1
4,araport11,CDS,2220280,2220393,.,+,0,ID=AT4G04450.1;Parent=AT4G04450.1;protein_id=AT4G04450.1
4,araport11,CDS,2220511,2221113,.,+,0,ID=AT4G04450.1;Parent=AT4G04450.1;protein_id=AT4G04450.1
4,araport11,three_prime_UTR,2221114,2221250,.,+,.,Parent=AT4G04450.1
4,araport11,mRNA,6759098,6760794,.,+,.,ID=AT4G11070.1;Parent=AT4G11070;biotype=protein_coding;transcript_id=AT4G11070.1
4,araport11,five_prime_UTR,6759098,6759302,.,+,.,Parent=AT4G11070.1
4,araport11,CDS,6759303,6759655,.,+,0,ID=AT4G11070.1;Parent=AT4G11070.1;protein_id=AT4G11070.1
4,araport11,CDS,6759797,6759925,.,+,1,ID=AT4G11070.1;Parent=AT4G11070.1;protein_id=AT4G11070.1
4,araport11,CDS,6760304,6760763,.,+,1,ID=AT4G11070.1;Parent=AT4G11070.1;protein_id=AT4G11070.1
4,araport11,three_prime_UTR,6760764,6760794,.,+,.,Parent=AT4G11070.1
4,araport11,mRNA,7201656,7208937,.,+,.,ID=AT4G12020.1;Parent=AT4G12020;biotype=protein_coding;transcript_id=AT4G12020.1
4,araport11,CDS,7201656,7201855,.,+,0,ID=AT4G12020.1;Parent=AT4G12020.1;protein_id=AT4G12020.1
4,araport11,CDS,7202003,7202821,.,+,1,ID=AT4G12020.1;Parent=AT4G12020.1;protein_id=AT4G12020.1
4,araport11,CDS,7202907,7203060,.,+,1,ID=AT4G12020.1;Parent=AT4G12020.1;protein_id=AT4G12020.1
4,araport11,CDS,7203351,7203997,.,+,0,ID=AT4G12020.1;Parent=AT4G12020.1;protein_id=AT4G12020.1
4,araport11,CDS,7204075,7204236,.,+,1,ID=AT4G12020.1;Parent=AT4G12020.1;protein_id=AT4G12020.1
4,araport11,CDS,7204359,7204748,.,+,1,ID=AT4G12020.1;Parent=AT4G12020.1;protein_id=AT4G12020.1
4,araport11,CDS,7204911,7205982,.,+,1,ID=AT4G12020.1;Parent=AT4G12020.1;protein_id=AT4G12020.1
4,araport11,CDS,7206058,7206378,.,+,0,ID=AT4G12020.1;Parent=AT4G12020.1;protein_id=AT4G12020.1
4,araport11,CDS,7206429,7207600,.,+,0,ID=AT4G12020.1;Parent=AT4G12020.1;protein_id=AT4G12020.1
4,araport11,CDS,7207746,7207830,.,+,1,ID=AT4G12020.1;Parent=AT4G12020.1;protein_id=AT4G12020.1
4,araport11,CDS,7207953,7208015,.,+,0,ID=AT4G12020.1;Parent=AT4G12020.1;protein_id=AT4G12020.1
4,araport11,CDS,7208087,7208244,.,+,0,ID=AT4G12020.1;Parent=AT4G12020.1;protein_id=AT4G12020.1
4,araport11,CDS,7208344,7208416,.,+,1,ID=AT4G12020.1;Parent=AT4G12020.1;protein_id=AT4G12020.1
4,araport11,CDS,7208516,7208596,.,+,0,ID=AT4G12020.1;Parent=AT4G12020.1;protein_id=AT4G12020.1
4,araport11,three_prime_UTR,7208597,7208937,.,+,.,Parent=AT4G12020.1
4,araport11,mRNA,10061214,10062893,.,+,.,ID=AT4G18170.1;Parent=AT4G18170;biotype=protein_coding;transcript_id=AT4G18170.1
4,araport11,five_prime_UTR,10061214,10061507,.,+,.,Parent=AT4G18170.1
4,araport11,CDS,10061508,10061938,.,+,0,ID=AT4G18170.1;Parent=AT4G18170.1;protein_id=AT4G18170.1
4,araport11,CDS,10062052,10062195,.,+,1,ID=AT4G18170.1;Parent=AT4G18170.1;protein_id=AT4G18170.1
4,araport11,CDS,10062310,10062691,.,+,1,ID=AT4G18170.1;Parent=AT4G18170.1;protein_id=AT4G18170.1
4,araport11,three_prime_UTR,10062692,10062893,.,+,.,Parent=AT4G18170.1
4,araport11,mRNA,11691172,11694582,.,-,.,ID=AT4G22070.1;Parent=AT4G22070;biotype=protein_coding;transcript_id=AT4G22070.1
4,araport11,three_prime_UTR,11691172,11691380,.,-,.,Parent=AT4G22070.1
4,araport11,CDS,11691381,11691998,.,-,0,ID=AT4G22070.1;Parent=AT4G22070.1;protein_id=AT4G22070.1
4,araport11,CDS,11692112,11692225,.,-,0,ID=AT4G22070.1;Parent=AT4G22070.1;protein_id=AT4G22070.1
4,araport11,CDS,11692321,11692713,.,-,0,ID=AT4G22070.1;Parent=AT4G22070.1;protein_id=AT4G22070.1
4,araport11,CDS,11693273,11693434,.,-,0,ID=AT4G22070.1;Parent=AT4G22070.1;protein_id=AT4G22070.1
4,araport11,CDS,11693680,11693778,.,-,0,ID=AT4G22070.1;Parent=AT4G22070.1;protein_id=AT4G22070.1
4,araport11,CDS,11694004,11694234,.,-,0,ID=AT4G22070.1;Parent=AT4G22070.1;protein_id=AT4G22070.1
4,araport11,five_prime_UTR,11694235,11694582,.,-,.,Parent=AT4G22070.1
4,araport11,mRNA,12291632,12293367,.,+,.,ID=AT4G23550.1;Parent=AT4G23550;biotype=protein_coding;transcript_id=AT4G23550.1
4,araport11,five_prime_UTR,12291632,12291812,.,+,.,Parent=AT4G23550.1
4,araport11,CDS,12291813,12292174,.,+,0,ID=AT4G23550.1;Parent=AT4G23550.1;protein_id=AT4G23550.1
4,araport11,CDS,12292421,12292537,.,+,1,ID=AT4G23550.1;Parent=AT4G23550.1;protein_id=AT4G23550.1
4,araport11,CDS,12292635,12293088,.,+,1,ID=AT4G23550.1;Parent=AT4G23550.1;protein_id=AT4G23550.1
4,araport11,three_prime_UTR,12293089,12293367,.,+,.,Parent=AT4G23550.1
4,araport11,mRNA,12392370,12393982,.,-,.,ID=AT4G23810.1;Parent=AT4G23810;biotype=protein_coding;transcript_id=AT4G23810.1
4,araport11,three_prime_UTR,12392370,12392665,.,-,.,Parent=AT4G23810.1
4,araport11,CDS,12392666,12393236,.,-,1,ID=AT4G23810.1;Parent=AT4G23810.1;protein_id=AT4G23810.1
4,araport11,CDS,12393336,12393739,.,-,0,ID=AT4G23810.1;Parent=AT4G23810.1;protein_id=AT4G23810.1
4,araport11,five_prime_UTR,12393740,12393982,.,-,.,Parent=AT4G23810.1
4,araport11,mRNA,12571538,12573773,.,+,.,ID=AT4G24240.1;Parent=AT4G24240;biotype=protein_coding;transcript_id=AT4G24240.1
4,araport11,five_prime_UTR,12571538,12571929,.,+,.,Parent=AT4G24240.1
4,araport11,CDS,12571930,12572705,.,+,0,ID=AT4G24240.1;Parent=AT4G24240.1;protein_id=AT4G24240.1
4,araport11,CDS,12572808,12572933,.,+,1,ID=AT4G24240.1;Parent=AT4G24240.1;protein_id=AT4G24240.1
4,araport11,CDS,12573287,12573446,.,+,1,ID=AT4G24240.1;Parent=AT4G24240.1;protein_id=AT4G24240.1
4,araport11,three_prime_UTR,12573447,12573773,.,+,.,Parent=AT4G24240.1
4,araport11,mRNA,13357596,13359551,.,-,.,ID=AT4G26440.1;Parent=AT4G26440;biotype=protein_coding;transcript_id=AT4G26440.1
4,araport11,CDS,13357596,13358127,.,-,1,ID=AT4G26440.1;Parent=AT4G26440.1;protein_id=AT4G26440.1
4,araport11,CDS,13358204,13358362,.,-,1,ID=AT4G26440.1;Parent=AT4G26440.1;protein_id=AT4G26440.1
4,araport11,CDS,13358450,13359147,.,-,0,ID=AT4G26440.1;Parent=AT4G26440.1;protein_id=AT4G26440.1
4,araport11,CDS,13359233,13359550,.,-,0,ID=AT4G26440.1;Parent=AT4G26440.1;protein_id=AT4G26440.1
4,araport11,five_prime_UTR,13359551,13359551,.,-,.,Parent=AT4G26440.1
4,araport11,mRNA,13437071,13440489,.,-,.,ID=AT4G26640.1;Parent=AT4G26640;biotype=protein_coding;transcript_id=AT4G26640.1
4,araport11,three_prime_UTR,13437071,13437297,.,-,.,Parent=AT4G26640.1
4,araport11,CDS,13437298,13437769,.,-,1,ID=AT4G26640.1;Parent=AT4G26640.1;protein_id=AT4G26640.1
4,araport11,CDS,13438034,13438189,.,-,1,ID=AT4G26640.1;Parent=AT4G26640.1;protein_id=AT4G26640.1
4,araport11,CDS,13438274,13438430,.,-,2,ID=AT4G26640.1;Parent=AT4G26640.1;protein_id=AT4G26640.1
4,araport11,CDS,13438521,13439025,.,-,0,ID=AT4G26640.1;Parent=AT4G26640.1;protein_id=AT4G26640.1
4,araport11,CDS,13439318,13439473,.,-,0,ID=AT4G26640.1;Parent=AT4G26640.1;protein_id=AT4G26640.1
4,araport11,CDS,13439763,13439774,.,-,0,ID=AT4G26640.1;Parent=AT4G26640.1;protein_id=AT4G26640.1
4,araport11,five_prime_UTR,13439775,13440489,.,-,.,Parent=AT4G26640.1
4,araport11,mRNA,15051764,15054107,.,-,.,ID=AT4G30935.1;Parent=AT4G30935;biotype=protein_coding;transcript_id=AT4G30935.1
4,araport11,three_prime_UTR,15051764,15051915,.,-,.,Parent=AT4G30935.1
4,araport11,CDS,15051916,15052264,.,-,1,ID=AT4G30935.1;Parent=AT4G30935.1;protein_id=AT4G30935.1
4,araport11,CDS,15052359,15052517,.,-,1,ID=AT4G30935.1;Parent=AT4G30935.1;protein_id=AT4G30935.1
4,araport11,CDS,15052603,15053258,.,-,0,ID=AT4G30935.1;Parent=AT4G30935.1;protein_id=AT4G30935.1
4,araport11,CDS,15053580,15053635,.,-,2,ID=AT4G30935.1;Parent=AT4G30935.1;protein_id=AT4G30935.1
4,araport11,CDS,15053728,15053908,.,-,0,ID=AT4G30935.1;Parent=AT4G30935.1;protein_id=AT4G30935.1
4,araport11,five_prime_UTR,15053909,15054107,.,-,.,Parent=AT4G30935.1
4,araport11,mRNA,15289947,15291539,.,-,.,ID=AT4G31550.1;Parent=AT4G31550;biotype=protein_coding;transcript_id=AT4G31550.1
4,araport11,three_prime_UTR,15289947,15290064,.,-,.,Parent=AT4G31550.1
4,araport11,CDS,15290065,15290245,.,-,1,ID=AT4G31550.1;Parent=AT4G31550.1;protein_id=AT4G31550.1
4,araport11,CDS,15290333,15290461,.,-,1,ID=AT4G31550.1;Parent=AT4G31550.1;protein_id=AT4G31550.1
4,araport11,CDS,15290791,15291458,.,-,0,ID=AT4G31550.1;Parent=AT4G31550.1;protein_id=AT4G31550.1
4,araport11,five_prime_UTR,15291459,15291539,.,-,.,Parent=AT4G31550.1
4,araport11,mRNA,15382777,15385100,.,+,.,ID=AT4G31800.1;Parent=AT4G31800;biotype=protein_coding;transcript_id=AT4G31800.1
4,araport11,five_prime_UTR,15382777,15383295,.,+,.,Parent=AT4G31800.1
4,araport11,CDS,15383296,15383364,.,+,0,ID=AT4G31800.1;Parent=AT4G31800.1;protein_id=AT4G31800.1
4,araport11,CDS,15383489,15383551,.,+,0,ID=AT4G31800.1;Parent=AT4G31800.1;protein_id=AT4G31800.1
4,araport11,CDS,15383816,15384202,.,+,0,ID=AT4G31800.1;Parent=AT4G31800.1;protein_id=AT4G31800.1
4,araport11,CDS,15384295,15384411,.,+,0,ID=AT4G31800.1;Parent=AT4G31800.1;protein_id=AT4G31800.1
4,araport11,CDS,15384516,15384812,.,+,0,ID=AT4G31800.1;Parent=AT4G31800.1;protein_id=AT4G31800.1
4,araport11,three_prime_UTR,15384813,15385100,.,+,.,Parent=AT4G31800.1
4,araport11,mRNA,18332606,18334893,.,-,.,ID=AT4G39410.1;Parent=AT4G39410;biotype=protein_coding;transcript_id=AT4G39410.1
4,araport11,three_prime_UTR,18332606,18332936,.,-,.,Parent=AT4G39410.1
4,araport11,CDS,18332937,18333123,.,-,1,ID=AT4G39410.1;Parent=AT4G39410.1;protein_id=AT4G39410.1
4,araport11,CDS,18333862,18334203,.,-,1,ID=AT4G39410.1;Parent=AT4G39410.1;protein_id=AT4G39410.1
4,araport11,CDS,18334404,18334789,.,-,0,ID=AT4G39410.1;Parent=AT4G39410.1;protein_id=AT4G39410.1
4,araport11,five_prime_UTR,18334790,18334893,.,-,.,Parent=AT4G39410.1
5,araport11,mRNA,350925,352095,.,-,.,ID=AT5G01900.1;Parent=AT5G01900;biotype=protein_coding;transcript_id=AT5G01900.1
5,araport11,three_prime_UTR,350925,351135,.,-,.,Parent=AT5G01900.1
5,araport11,CDS,351136,351661,.,-,1,ID=AT5G01900.1;Parent=AT5G01900.1;protein_id=AT5G01900.1
5,araport11,CDS,351748,352013,.,-,0,ID=AT5G01900.1;Parent=AT5G01900.1;protein_id=AT5G01900.1
5,araport11,five_prime_UTR,352014,352095,.,-,.,Parent=AT5G01900.1
5,araport11,mRNA,2204248,2205811,.,+,.,ID=AT5G07100.1;Parent=AT5G07100;biotype=protein_coding;transcript_id=AT5G07100.1
5,araport11,five_prime_UTR,2204248,2204312,.,+,.,Parent=AT5G07100.1
5,araport11,CDS,2204313,2204465,.,+,0,ID=AT5G07100.1;Parent=AT5G07100.1;protein_id=AT5G07100.1
5,araport11,CDS,2204608,2204733,.,+,0,ID=AT5G07100.1;Parent=AT5G07100.1;protein_id=AT5G07100.1
5,araport11,CDS,2204813,2205165,.,+,0,ID=AT5G07100.1;Parent=AT5G07100.1;protein_id=AT5G07100.1
5,araport11,CDS,2205263,2205391,.,+,1,ID=AT5G07100.1;Parent=AT5G07100.1;protein_id=AT5G07100.1
5,araport11,CDS,2205479,2205647,.,+,1,ID=AT5G07100.1;Parent=AT5G07100.1;protein_id=AT5G07100.1
5,araport11,three_prime_UTR,2205648,2205811,.,+,.,Parent=AT5G07100.1
5,araport11,mRNA,4149738,4151201,.,-,.,ID=AT5G13080.1;Parent=AT5G13080;biotype=protein_coding;transcript_id=AT5G13080.1
5,araport11,three_prime_UTR,4149738,4149927,.,-,.,Parent=AT5G13080.1
5,araport11,CDS,4149928,4150105,.,-,1,ID=AT5G13080.1;Parent=AT5G13080.1;protein_id=AT5G13080.1
5,araport11,CDS,4150760,4151019,.,-,0,ID=AT5G13080.1;Parent=AT5G13080.1;protein_id=AT5G13080.1
5,araport11,five_prime_UTR,4151020,4151201,.,-,.,Parent=AT5G13080.1
5,araport11,mRNA,4904290,4907094,.,+,.,ID=AT5G15130.1;Parent=AT5G15130;biotype=protein_coding;transcript_id=AT5G15130.1
5,araport11,five_prime_UTR,4904290,4904425,.,+,.,Parent=AT5G15130.1
5,araport11,CDS,4904426,4904509,.,+,0,ID=AT5G15130.1;Parent=AT5G15130.1;protein_id=AT5G15130.1
5,araport11,CDS,4904904,4905494,.,+,0,ID=AT5G15130.1;Parent=AT5G15130.1;protein_id=AT5G15130.1
5,araport11,CDS,4905610,4905723,.,+,0,ID=AT5G15130.1;Parent=AT5G15130.1;protein_id=AT5G15130.1
5,araport11,CDS,4906022,4906879,.,+,0,ID=AT5G15130.1;Parent=AT5G15130.1;protein_id=AT5G15130.1
5,araport11,three_prime_UTR,4906880,4907094,.,+,.,Parent=AT5G15130.1
5,araport11,mRNA,7495455,7496990,.,-,.,ID=AT5G22570.1;Parent=AT5G22570;biotype=protein_coding;transcript_id=AT5G22570.1
5,araport11,three_prime_UTR,7495455,7495607,.,-,.,Parent=AT5G22570.1
5,araport11,CDS,7495608,7496088,.,-,1,ID=AT5G22570.1;Parent=AT5G22570.1;protein_id=AT5G22570.1
5,araport11,CDS,7496176,7496298,.,-,1,ID=AT5G22570.1;Parent=AT5G22570.1;protein_id=AT5G22570.1
5,araport11,CDS,7496442,7496707,.,-,0,ID=AT5G22570.1;Parent=AT5G22570.1;protein_id=AT5G22570.1
5,araport11,five_prime_UTR,7496708,7496990,.,-,.,Parent=AT5G22570.1
5,araport11,mRNA,8153115,8154710,.,-,.,ID=AT5G24110.1;Parent=AT5G24110;biotype=protein_coding;transcript_id=AT5G24110.1
5,araport11,three_prime_UTR,8153115,8153415,.,-,.,Parent=AT5G24110.1
5,araport11,CDS,8153416,8153929,.,-,1,ID=AT5G24110.1;Parent=AT5G24110.1;protein_id=AT5G24110.1
5,araport11,CDS,8154154,8154288,.,-,1,ID=AT5G24110.1;Parent=AT5G24110.1;protein_id=AT5G24110.1
5,araport11,CDS,8154371,8154633,.,-,0,ID=AT5G24110.1;Parent=AT5G24110.1;protein_id=AT5G24110.1
5,araport11,five_prime_UTR,8154634,8154710,.,-,.,Parent=AT5G24110.1
5,araport11,mRNA,9146879,9148391,.,-,.,ID=AT5G26170.1;Parent=AT5G26170;biotype=protein_coding;transcript_id=AT5G26170.1
5,araport11,three_prime_UTR,9146879,9147175,.,-,.,Parent=AT5G26170.1
5,araport11,CDS,9147176,9147299,.,-,1,ID=AT5G26170.1;Parent=AT5G26170.1;protein_id=AT5G26170.1
5,araport11,CDS,9147553,9147691,.,-,2,ID=AT5G26170.1;Parent=AT5G26170.1;protein_id=AT5G26170.1
5,araport11,CDS,9147870,9148128,.,-,0,ID=AT5G26170.1;Parent=AT5G26170.1;protein_id=AT5G26170.1
5,araport11,five_prime_UTR,9148129,9148391,.,-,.,Parent=AT5G26170.1
5,araport11,mRNA,10677599,10679204,.,-,.,ID=AT5G28650.1;Parent=AT5G28650;biotype=protein_coding;transcript_id=AT5G28650.1
5,araport11,three_prime_UTR,10677599,10677789,.,-,.,Parent=AT5G28650.1
5,araport11,CDS,10677790,10677937,.,-,1,ID=AT5G28650.1;Parent=AT5G28650.1;protein_id=AT5G28650.1
5,araport11,CDS,10678026,10678151,.,-,1,ID=AT5G28650.1;Parent=AT5G28650.1;protein_id=AT5G28650.1
5,araport11,CDS,10678227,10678945,.,-,0,ID=AT5G28650.1;Parent=AT5G28650.1;protein_id=AT5G28650.1
5,araport11,five_prime_UTR,10678946,10679204,.,-,.,Parent=AT5G28650.1
5,araport11,mRNA,16624157,16625977,.,+,.,ID=AT5G41570.1;Parent=AT5G41570;biotype=protein_coding;transcript_id=AT5G41570.1
5,araport11,five_prime_UTR,16624157,16624219,.,+,.,Parent=AT5G41570.1
5,araport11,CDS,16624220,16624572,.,+,0,ID=AT5G41570.1;Parent=AT5G41570.1;protein_id=AT5G41570.1
5,araport11,CDS,16625503,16625689,.,+,1,ID=AT5G41570.1;Parent=AT5G41570.1;protein_id=AT5G41570.1
5,araport11,three_prime_UTR,16625690,16625977,.,+,.,Parent=AT5G41570.1
5,araport11,mRNA,17371808,17373221,.,-,.,ID=AT5G43290.1;Parent=AT5G43290;biotype=protein_coding;transcript_id=AT5G43290.1
5,araport11,three_prime_UTR,17371808,17371986,.,-,.,Parent=AT5G43290.1
5,araport11,CDS,17371987,17372410,.,-,1,ID=AT5G43290.1;Parent=AT5G43290.1;protein_id=AT5G43290.1
5,araport11,CDS,17372572,17372715,.,-,1,ID=AT5G43290.1;Parent=AT5G43290.1;protein_id=AT5G43290.1
5,araport11,CDS,17372827,17373083,.,-,0,ID=AT5G43290.1;Parent=AT5G43290.1;protein_id=AT5G43290.1
5,araport11,five_prime_UTR,17373084,17373221,.,-,.,Parent=AT5G43290.1
5,araport11,mRNA,18176914,18181973,.,-,.,ID=AT5G45050.1;Parent=AT5G45050;biotype=protein_coding;transcript_id=AT5G45050.1
5,araport11,three_prime_UTR,18176914,18177015,.,-,.,Parent=AT5G45050.1
5,araport11,CDS,18177016,18177535,.,-,1,ID=AT5G45050.1;Parent=AT5G45050.1;protein_id=AT5G45050.1
5,araport11,CDS,18177609,18177722,.,-,1,ID=AT5G45050.1;Parent=AT5G45050.1;protein_id=AT5G45050.1
5,araport11,CDS,18177813,18178696,.,-,0,ID=AT5G45050.1;Parent=AT5G45050.1;protein_id=AT5G45050.1
5,araport11,CDS,18178776,18179609,.,-,0,ID=AT5G45050.1;Parent=AT5G45050.1;protein_id=AT5G45050.1
5,araport11,CDS,18179697,18179996,.,-,0,ID=AT5G45050.1;Parent=AT5G45050.1;protein_id=AT5G45050.1
5,araport11,CDS,18180080,18181196,.,-,1,ID=AT5G45050.1;Parent=AT5G45050.1;protein_id=AT5G45050.1
5,araport11,CDS,18181456,18181805,.,-,0,ID=AT5G45050.1;Parent=AT5G45050.1;protein_id=AT5G45050.1
5,araport11,five_prime_UTR,18181806,18181973,.,-,.,Parent=AT5G45050.1
5,araport11,mRNA,18326203,18332920,.,+,.,ID=AT5G45260.1;Parent=AT5G45260;biotype=protein_coding;transcript_id=AT5G45260.1
5,araport11,five_prime_UTR,18326203,18326276,.,+,.,Parent=AT5G45260.1
5,araport11,CDS,18326277,18326653,.,+,0,ID=AT5G45260.1;Parent=AT5G45260.1;protein_id=AT5G45260.1
5,araport11,CDS,18326763,18327873,.,+,1,ID=AT5G45260.1;Parent=AT5G45260.1;protein_id=AT5G45260.1
5,araport11,CDS,18327954,18328253,.,+,0,ID=AT5G45260.1;Parent=AT5G45260.1;protein_id=AT5G45260.1
5,araport11,CDS,18328347,18329264,.,+,0,ID=AT5G45260.1;Parent=AT5G45260.1;protein_id=AT5G45260.1
5,araport11,CDS,18329453,18330306,.,+,0,ID=AT5G45260.1;Parent=AT5G45260.1;protein_id=AT5G45260.1
5,araport11,CDS,18331395,18331517,.,+,1,ID=AT5G45260.1;Parent=AT5G45260.1;protein_id=AT5G45260.1
5,araport11,CDS,18332046,18332229,.,+,1,ID=AT5G45260.1;Parent=AT5G45260.1;protein_id=AT5G45260.1
5,araport11,three_prime_UTR,18332230,18332920,.,+,.,Parent=AT5G45260.1
5,araport11,mRNA,18801164,18804056,.,-,.,ID=AT5G46350.1;Parent=AT5G46350;biotype=protein_coding;transcript_id=AT5G46350.1
5,araport11,three_prime_UTR,18801164,18801402,.,-,.,Parent=AT5G46350.1
5,araport11,CDS,18801403,18801775,.,-,1,ID=AT5G46350.1;Parent=AT5G46350.1;protein_id=AT5G46350.1
5,araport11,CDS,18802502,18802642,.,-,1,ID=AT5G46350.1;Parent=AT5G46350.1;protein_id=AT5G46350.1
5,araport11,CDS,18803435,18803901,.,-,0,ID=AT5G46350.1;Parent=AT5G46350.1;protein_id=AT5G46350.1
5,araport11,five_prime_UTR,18803902,18804056,.,-,.,Parent=AT5G46350.1
5,araport11,mRNA,20090648,20093346,.,+,.,ID=AT5G49520.1;Parent=AT5G49520;biotype=protein_coding;transcript_id=AT5G49520.1
5,araport11,five_prime_UTR,20090648,20090889,.,+,.,Parent=AT5G49520.1
5,araport11,CDS,20090890,20091467,.,+,0,ID=AT5G49520.1;Parent=AT5G49520.1;protein_id=AT5G49520.1
5,araport11,CDS,20091548,20091691,.,+,1,ID=AT5G49520.1;Parent=AT5G49520.1;protein_id=AT5G49520.1
5,araport11,CDS,20092390,20092867,.,+,1,ID=AT5G49520.1;Parent=AT5G49520.1;protein_id=AT5G49520.1
5,araport11,three_prime_UTR,20092868,20093346,.,+,.,Parent=AT5G49520.1
5,araport11,mRNA,21410769,21412526,.,+,.,ID=AT5G52830.1;Parent=AT5G52830;biotype=protein_coding;transcript_id=AT5G52830.1
5,araport11,five_prime_UTR,21410769,21410995,.,+,.,Parent=AT5G52830.1
5,araport11,CDS,21410996,21411435,.,+,0,ID=AT5G52830.1;Parent=AT5G52830.1;protein_id=AT5G52830.1
5,araport11,CDS,21411516,21411629,.,+,1,ID=AT5G52830.1;Parent=AT5G52830.1;protein_id=AT5G52830.1
5,araport11,CDS,21411726,21412218,.,+,1,ID=AT5G52830.1;Parent=AT5G52830.1;protein_id=AT5G52830.1
5,araport11,three_prime_UTR,21412219,21412526,.,+,.,Parent=AT5G52830.1
5,araport11,mRNA,22779614,22783426,.,+,.,ID=AT5G56270.1;Parent=AT5G56270;biotype=protein_coding;transcript_id=AT5G56270.1
5,araport11,five_prime_UTR,22779614,22780245,.,+,.,Parent=AT5G56270.1
5,araport11,five_prime_UTR,22780766,22780815,.,+,.,Parent=AT5G56270.1
5,araport11,CDS,22780816,22781220,.,+,0,ID=AT5G56270.1;Parent=AT5G56270.1;protein_id=AT5G56270.1
5,araport11,CDS,22781298,22782253,.,+,0,ID=AT5G56270.1;Parent=AT5G56270.1;protein_id=AT5G56270.1
5,araport11,CDS,22782329,22782487,.,+,1,ID=AT5G56270.1;Parent=AT5G56270.1;protein_id=AT5G56270.1
5,araport11,CDS,22782594,22783137,.,+,1,ID=AT5G56270.1;Parent=AT5G56270.1;protein_id=AT5G56270.1
5,araport11,three_prime_UTR,22783138,22783426,.,+,.,Parent=AT5G56270.1
5,araport11,mRNA,25908247,25909881,.,+,.,ID=AT5G64810.1;Parent=AT5G64810;biotype=protein_coding;transcript_id=AT5G64810.1
5,araport11,five_prime_UTR,25908247,25908414,.,+,.,Parent=AT5G64810.1
5,araport11,CDS,25908415,25908656,.,+,0,ID=AT5G64810.1;Parent=AT5G64810.1;protein_id=AT5G64810.1
5,araport11,CDS,25908764,25908910,.,+,1,ID=AT5G64810.1;Parent=AT5G64810.1;protein_id=AT5G64810.1
5,araport11,CDS,25909492,25909687,.,+,1,ID=AT5G64810.1;Parent=AT5G64810.1;protein_id=AT5G64810.1
5,araport11,three_prime_UTR,25909688,25909881,.,+,.,Parent=AT5G64810.1